Page,LocalPath,Description
various,/assets/pexels/solutions-hero.jpg,Solutions Hero
various,/assets/pexels/cases-hero-bg.jpg,Cases Hero
various,/assets/pexels/service-step1.jpg,Step 1
various,/assets/pexels/service-step2.jpg,Step 2
various,/assets/pexels/service-step3.jpg,Step 3
various,/assets/pexels/service-step4.jpg,Step 4
various,/assets/pexels/about-vision.jpg,About Vision
various,/assets/pexels/about-mission.jpg,About Mission
various,/assets/pexels/contact-partner.jpg,Contact Partner
various,/assets/pexels/partners-recruitment.jpg,Partners Recruitment
